<?xml version="1.0" encoding="utf-8" standalone="yes"?>
<rss version="2.0" xmlns:atom="http://www.w3.org/2005/Atom">
  <channel>
    <title>开源软件s on 博客</title>
    <link>https://huangruiying.github.io/%E5%BC%80%E6%BA%90%E8%BD%AF%E4%BB%B6/</link>
    <description>Recent content in 开源软件s on 博客</description>
    <generator>Hugo -- gohugo.io</generator>
    <language>zh</language>
    <lastBuildDate>Wed, 21 Jun 2023 16:18:40 +0800</lastBuildDate><atom:link href="https://huangruiying.github.io/%E5%BC%80%E6%BA%90%E8%BD%AF%E4%BB%B6/index.xml" rel="self" type="application/rss+xml" />
    <item>
      <title>Dperf教程 - 1 - 介绍</title>
      <link>https://huangruiying.github.io/%E5%BC%80%E6%BA%90%E8%BD%AF%E4%BB%B6/dperf-%E5%8E%8B%E6%B5%8B/dperf-1-%E4%BB%8B%E7%BB%8D/</link>
      <pubDate>Wed, 21 Jun 2023 16:18:40 +0800</pubDate>
      
      <guid>https://huangruiying.github.io/%E5%BC%80%E6%BA%90%E8%BD%AF%E4%BB%B6/dperf-%E5%8E%8B%E6%B5%8B/dperf-1-%E4%BB%8B%E7%BB%8D/</guid>
      <description>https://www.oschina.net/p/dperf dperf 是一款由百度开源的超高性能的网络压力测试仪。
它使用了 DPDK 与用户态 TCP 协议栈技术，用一台 x86 服务器就可以制造巨大流量：数 10 亿并发连接，百 Gbps 吞吐，千万级 HTTP CPS，其性能远远超过商业测试仪。它还能够精确显示全链路的丢包数，能够帮助你准确找到被测设备性能瑕疵。
它既可以对用来对四层网关、交换机进行性能测试，也可用来测评 CPU 的网络报文处理能力。</description>
    </item>
    
    <item>
      <title>Arthas教程 - 1 - 安装与使用</title>
      <link>https://huangruiying.github.io/%E5%BC%80%E6%BA%90%E8%BD%AF%E4%BB%B6/arthas-%E7%BA%BF%E4%B8%8A%E7%9B%91%E6%8E%A7/arthas%E6%95%99%E7%A8%8B-1-%E5%AE%89%E8%A3%85%E4%B8%8E%E4%BD%BF%E7%94%A8/</link>
      <pubDate>Tue, 20 Jun 2023 16:45:40 +0800</pubDate>
      
      <guid>https://huangruiying.github.io/%E5%BC%80%E6%BA%90%E8%BD%AF%E4%BB%B6/arthas-%E7%BA%BF%E4%B8%8A%E7%9B%91%E6%8E%A7/arthas%E6%95%99%E7%A8%8B-1-%E5%AE%89%E8%A3%85%E4%B8%8E%E4%BD%BF%E7%94%A8/</guid>
      <description>java环境变量 # java mac export JAVA_HOME=/Library/Java/JavaVirtualMachines/jdk1.8.0_291.jdk/Contents/Home export CLASSPATH=$JAVA_HOME/lib/dt.jar:$JAVA_HOME/lib/tools.jar export PATH=$JAVA_HOME/bin:$PATH 下载工具&amp;amp;启动 curl -O https://arthas.aliyun.com/arthas-boot.jar java -jar arthas-boot.jar
命令-描述-使用 dashboard - 显示进程、线程、服务信息 - dashboard jad - 显示代码 - jad package.ClassName watch - 显示方法返回值 - watch package.ClassName methodName returnObj </description>
    </item>
    
    <item>
      <title>Hugo教程 - 1 - 安装与部署</title>
      <link>https://huangruiying.github.io/%E5%BC%80%E6%BA%90%E8%BD%AF%E4%BB%B6/hugo-%E9%9D%99%E6%80%81%E9%A1%B5%E9%9D%A2%E6%B8%B2%E6%9F%93/hugo%E6%95%99%E7%A8%8B-1-%E5%AE%89%E8%A3%85%E4%B8%8E%E9%83%A8%E7%BD%B2/</link>
      <pubDate>Tue, 20 Jun 2023 16:45:40 +0800</pubDate>
      
      <guid>https://huangruiying.github.io/%E5%BC%80%E6%BA%90%E8%BD%AF%E4%BB%B6/hugo-%E9%9D%99%E6%80%81%E9%A1%B5%E9%9D%A2%E6%B8%B2%E6%9F%93/hugo%E6%95%99%E7%A8%8B-1-%E5%AE%89%E8%A3%85%E4%B8%8E%E9%83%A8%E7%BD%B2/</guid>
      <description>安装brew $ ruby -e &amp;quot;$(curl -fsSL https://raw.githubusercontent.com/Homebrew/install/master/install)&amp;quot;
安装hugo $ brew install hugo
验证hugo which hugo /usr/local/bin/hugo ls -l $( which hugo ) lrwxr-xr-x 1 nenglianjituan admin 31 6 15 17:04 /usr/local/bin/hugo -&amp;gt; ../Cellar/hugo/0.113.0/bin/hugo hugo version hugo v0.113.0+extended darwin/amd64 BuildDate=unknown 使用hugo # 初始化一个项目(此时有结构，但是还不能使用) hugo new site hugoblog cd hugoblog # 创建文章 (content/post) hugo new post/document.md (真实目录创建在：content/post/document.md) # 下载一款皮肤 （安装皮肤 &amp;amp; 启动服务） cd hugoblog git clone https://github.com/spf13/hyde.git themes\hyde # 指定皮肤，启动服务 hugo server -D -t hyde --buildDrafts 扩展-皮肤下载地址 试看主题效果 1.</description>
    </item>
    
    <item>
      <title>Hugo教程 - 2 - 结构介绍</title>
      <link>https://huangruiying.github.io/%E5%BC%80%E6%BA%90%E8%BD%AF%E4%BB%B6/hugo-%E9%9D%99%E6%80%81%E9%A1%B5%E9%9D%A2%E6%B8%B2%E6%9F%93/hugo%E6%95%99%E7%A8%8B-2-%E7%BB%93%E6%9E%84%E4%BB%8B%E7%BB%8D/</link>
      <pubDate>Tue, 20 Jun 2023 16:45:40 +0800</pubDate>
      
      <guid>https://huangruiying.github.io/%E5%BC%80%E6%BA%90%E8%BD%AF%E4%BB%B6/hugo-%E9%9D%99%E6%80%81%E9%A1%B5%E9%9D%A2%E6%B8%B2%E6%9F%93/hugo%E6%95%99%E7%A8%8B-2-%E7%BB%93%E6%9E%84%E4%BB%8B%E7%BB%8D/</guid>
      <description>目录结构 . ├── archetypes (存放 front matter（前置数据）) ├── config.toml (全局配置文件) ├── content (存放网页的主要内容 Markdown 文件) ├── data (存放数据文件，通常是 json/yaml/toml 文件) ├── layouts (存放 HTML 模板) ├── static (存放静态文件，会被直接复制到 public 目录下) └── themes (存放现有的主题模板) content └── content ├── _index.md // https://example.com/ ├── about.md // https://example.com/about/ ├── posts | ├── _index.md // https://example.com/posts/ | ├── firstpost.md // https://example.com/posts/firstpost/ 模板(layouts、themes；layouts优先级高)语法 Hugo 使用 Go 语言的 html/template 库 作为模版引擎， 模板的标签为 {{}} , {{}} 中包含的内容叫“动作”
//点 {{.</description>
    </item>
    
    <item>
      <title>Hugo教程 - 3 - 配置文件讲解</title>
      <link>https://huangruiying.github.io/%E5%BC%80%E6%BA%90%E8%BD%AF%E4%BB%B6/hugo-%E9%9D%99%E6%80%81%E9%A1%B5%E9%9D%A2%E6%B8%B2%E6%9F%93/hugo%E6%95%99%E7%A8%8B-3-%E9%85%8D%E7%BD%AE%E6%96%87%E4%BB%B6/</link>
      <pubDate>Tue, 20 Jun 2023 16:45:40 +0800</pubDate>
      
      <guid>https://huangruiying.github.io/%E5%BC%80%E6%BA%90%E8%BD%AF%E4%BB%B6/hugo-%E9%9D%99%E6%80%81%E9%A1%B5%E9%9D%A2%E6%B8%B2%E6%9F%93/hugo%E6%95%99%E7%A8%8B-3-%E9%85%8D%E7%BD%AE%E6%96%87%E4%BB%B6/</guid>
      <description>hugo.toml # 网站地址 baseURL = &amp;#39;https://huangruiying.github.io/&amp;#39; # 网站语言 languageCode = &amp;#34;en-us&amp;#34; # 网站title title = &amp;#39;hugo.toml-title&amp;#39; # 主题的名字，这个要跟myblog/themes 目录中的子目录的目录名一致 theme = &amp;#34;hyde&amp;#34; # home/category/tag 页面显示的文章数 (Default: 10) paginate = 2 # home/category/tag 页面用于摘要的字数 (Default: 70) summaryLength = 10 在模板中使用配置文件定义的数据 在sidebar.html内使用BaseURL 在模板内使用常量
常量在hugo.toml中定义： baseURL = &amp;#39;https://huangruiying.github.io/&amp;#39; 常量在模板使用： {{ .Site.BaseURL }} 在模板内使用数组，循环生成标题
数组在hugo.toml中定义： [[menu.sidebar]] name = &amp;#34;新浪&amp;#34; url = &amp;#34;https://www.sina.com&amp;#34; [[menu.sidebar]] name = &amp;#34;Github&amp;#34; url = &amp;#34;https://github.com&amp;#34; 数组在模板使用： {{ range .Site.Menus.sidebar -}} &amp;lt;li&amp;gt;&amp;lt;a href=&amp;#34;{{.</description>
    </item>
    
  </channel>
</rss>
