<?xml version="1.0" encoding="utf-8" standalone="yes"?>
<rss version="2.0" xmlns:atom="http://www.w3.org/2005/Atom">
  <channel>
    <title>Java诊断工具 on 博客</title>
    <link>https://huangruiying.github.io/tags/java%E8%AF%8A%E6%96%AD%E5%B7%A5%E5%85%B7/</link>
    <description>Recent content in Java诊断工具 on 博客</description>
    <generator>Hugo -- gohugo.io</generator>
    <language>zh</language>
    <lastBuildDate>Tue, 20 Jun 2023 16:45:40 +0800</lastBuildDate><atom:link href="https://huangruiying.github.io/tags/java%E8%AF%8A%E6%96%AD%E5%B7%A5%E5%85%B7/index.xml" rel="self" type="application/rss+xml" />
    <item>
      <title>Arthas教程 - 1 - 安装与使用</title>
      <link>https://huangruiying.github.io/%E5%BC%80%E6%BA%90%E8%BD%AF%E4%BB%B6/arthas-%E7%BA%BF%E4%B8%8A%E7%9B%91%E6%8E%A7/arthas%E6%95%99%E7%A8%8B-1-%E5%AE%89%E8%A3%85%E4%B8%8E%E4%BD%BF%E7%94%A8/</link>
      <pubDate>Tue, 20 Jun 2023 16:45:40 +0800</pubDate>
      
      <guid>https://huangruiying.github.io/%E5%BC%80%E6%BA%90%E8%BD%AF%E4%BB%B6/arthas-%E7%BA%BF%E4%B8%8A%E7%9B%91%E6%8E%A7/arthas%E6%95%99%E7%A8%8B-1-%E5%AE%89%E8%A3%85%E4%B8%8E%E4%BD%BF%E7%94%A8/</guid>
      <description>java环境变量 # java mac export JAVA_HOME=/Library/Java/JavaVirtualMachines/jdk1.8.0_291.jdk/Contents/Home export CLASSPATH=$JAVA_HOME/lib/dt.jar:$JAVA_HOME/lib/tools.jar export PATH=$JAVA_HOME/bin:$PATH 下载工具&amp;amp;启动 curl -O https://arthas.aliyun.com/arthas-boot.jar java -jar arthas-boot.jar
命令-描述-使用 dashboard - 显示进程、线程、服务信息 - dashboard jad - 显示代码 - jad package.ClassName watch - 显示方法返回值 - watch package.ClassName methodName returnObj </description>
    </item>
    
  </channel>
</rss>
