<?xml version="1.0" encoding="utf-8" standalone="yes"?>
<rss version="2.0" xmlns:atom="http://www.w3.org/2005/Atom">
  <channel>
    <title>BI on 博客</title>
    <link>https://huangruiying.github.io/tags/bi/</link>
    <description>Recent content in BI on 博客</description>
    <generator>Hugo -- gohugo.io</generator>
    <language>zh</language>
    <lastBuildDate>Sun, 25 Jun 2023 10:54:40 +0800</lastBuildDate><atom:link href="https://huangruiying.github.io/tags/bi/index.xml" rel="self" type="application/rss+xml" />
    <item>
      <title>企业BI平台预研课题</title>
      <link>https://huangruiying.github.io/%E7%B3%BB%E7%BB%9F%E6%9E%B6%E6%9E%84%E8%AE%BE%E8%AE%A1/%E4%BC%81%E4%B8%9Abi%E5%B9%B3%E5%8F%B0%E9%A2%84%E7%A0%94%E8%AF%BE%E9%A2%98/</link>
      <pubDate>Sun, 25 Jun 2023 10:54:40 +0800</pubDate>
      
      <guid>https://huangruiying.github.io/%E7%B3%BB%E7%BB%9F%E6%9E%B6%E6%9E%84%E8%AE%BE%E8%AE%A1/%E4%BC%81%E4%B8%9Abi%E5%B9%B3%E5%8F%B0%E9%A2%84%E7%A0%94%E8%AF%BE%E9%A2%98/</guid>
      <description>目标：服务于部门内部财务、业财、B端、企业应用等体系的趋势分析&amp;amp;经营分析&amp;amp;财经管报等展示
一期功能 项目搭建 Echarts集成 数据展示 二期功能 图表容器 前端自定义创建(Grafana) </description>
    </item>
    
  </channel>
</rss>
