<?xml version="1.0" encoding="utf-8" standalone="yes"?>
<rss version="2.0" xmlns:atom="http://www.w3.org/2005/Atom">
  <channel>
    <title>quickstart on 博客</title>
    <link>https://huangruiying.github.io/series/quickstart/</link>
    <description>Recent content in quickstart on 博客</description>
    <generator>Hugo -- gohugo.io</generator>
    <language>zh</language>
    <lastBuildDate>Mon, 21 Feb 2022 16:04:06 -0500</lastBuildDate><atom:link href="https://huangruiying.github.io/series/quickstart/index.xml" rel="self" type="application/rss+xml" />
    <item>
      <title>Support for Multiple Authors</title>
      <link>https://huangruiying.github.io/blog/multi-author/</link>
      <pubDate>Mon, 21 Feb 2022 16:04:06 -0500</pubDate>
      
      <guid>https://huangruiying.github.io/blog/multi-author/</guid>
      <description>Using Introduction, your site can feature multiple authors. Each post displays a byline &amp;ndash; the name of a post&amp;rsquo;s author &amp;ndash; if the author field is set in the post front matter. For example, here&amp;rsquo;s the front matter for this post:
--- title: &amp;#34;Support for Multiple Authors&amp;#34; date: 2022-02-20T02:04:06-05:00 tags: [&amp;#34;features&amp;#34;, &amp;#34;blog&amp;#34;] series: [&amp;#34;quickstart&amp;#34;] author: [&amp;#34;Hugo Contributors&amp;#34;] --- You can list one or more authors. For example, here&amp;rsquo;s a byline with two credits:</description>
    </item>
    
    <item>
      <title>**Start Here:** Configuration and Content</title>
      <link>https://huangruiying.github.io/blog/configuration/</link>
      <pubDate>Sat, 25 Jul 2020 02:04:06 -0500</pubDate>
      
      <guid>https://huangruiying.github.io/blog/configuration/</guid>
      <description>Here are some helpful tips for setting up this theme.
Configuration Most of what you&amp;rsquo;ll want to configure is demonstrated in the exampleSite config.toml. This is Hugo&amp;rsquo;s configuration file. You can copy the config.toml in the exampleSite/ to your site root get started.
Here are all the options included in the (live!) configuration file for this example site! Below are some specific things you might like to configure right away.</description>
    </item>
    
    <item>
      <title>Markdown Support</title>
      <link>https://huangruiying.github.io/blog/startup-ipsum/</link>
      <pubDate>Mon, 06 Nov 2017 12:04:06 -0500</pubDate>
      
      <guid>https://huangruiying.github.io/blog/startup-ipsum/</guid>
      <description>Introduction supports code blocks and syntax highlighting:
$ complicated techie code git bash ubuntu &amp;gt;&amp;gt;&amp;gt; return value init foo You can easily create tables using Markdown, with rows that support readability:
this is a table ! this is the 1st row this is the 2nd row this is the 3rd row edgy jo ke lands here this is the 5th row this is the 6th row Unordered lists render with high readabiltiy as well!</description>
    </item>
    
  </channel>
</rss>
