<?xml version="1.0" encoding="utf-8" standalone="yes"?>
<rss version="2.0" xmlns:atom="http://www.w3.org/2005/Atom">
  <channel>
    <title>Categories on 博客</title>
    <link>https://huangruiying.github.io/categories/</link>
    <description>Recent content in Categories on 博客</description>
    <generator>Hugo -- gohugo.io</generator>
    <language>zh</language>
    <lastBuildDate>Sun, 25 Jun 2023 10:54:40 +0800</lastBuildDate><atom:link href="https://huangruiying.github.io/categories/index.xml" rel="self" type="application/rss+xml" />
    <item>
      <title>系统设计</title>
      <link>https://huangruiying.github.io/categories/%E7%B3%BB%E7%BB%9F%E8%AE%BE%E8%AE%A1/</link>
      <pubDate>Sun, 25 Jun 2023 10:54:40 +0800</pubDate>
      
      <guid>https://huangruiying.github.io/categories/%E7%B3%BB%E7%BB%9F%E8%AE%BE%E8%AE%A1/</guid>
      <description></description>
    </item>
    
    <item>
      <title>开源软件</title>
      <link>https://huangruiying.github.io/categories/%E5%BC%80%E6%BA%90%E8%BD%AF%E4%BB%B6/</link>
      <pubDate>Wed, 21 Jun 2023 16:18:40 +0800</pubDate>
      
      <guid>https://huangruiying.github.io/categories/%E5%BC%80%E6%BA%90%E8%BD%AF%E4%BB%B6/</guid>
      <description></description>
    </item>
    
  </channel>
</rss>
