<?xml version="1.0" encoding="utf-8" standalone="yes"?>
<rss version="2.0" xmlns:atom="http://www.w3.org/2005/Atom">
  <channel>
    <title>支付出海 on 博客</title>
    <link>https://huangruiying.github.io/tags/%E6%94%AF%E4%BB%98%E5%87%BA%E6%B5%B7/</link>
    <description>Recent content in 支付出海 on 博客</description>
    <generator>Hugo -- gohugo.io</generator>
    <language>zh</language>
    <lastBuildDate>Sun, 25 Jun 2023 10:54:40 +0800</lastBuildDate><atom:link href="https://huangruiying.github.io/tags/%E6%94%AF%E4%BB%98%E5%87%BA%E6%B5%B7/index.xml" rel="self" type="application/rss+xml" />
    <item>
      <title>支付系统结构</title>
      <link>https://huangruiying.github.io/%E7%B3%BB%E7%BB%9F%E6%9E%B6%E6%9E%84%E8%AE%BE%E8%AE%A1/%E6%94%AF%E4%BB%98%E7%B3%BB%E7%BB%9F/%E6%94%AF%E4%BB%98%E5%87%BA%E6%B5%B7%E6%8A%80%E6%9C%AF%E4%B8%8A%E5%BA%94%E8%AF%A5%E5%85%B3%E6%B3%A8%E5%93%AA%E5%87%A0%E4%B8%AA%E6%96%B9%E9%9D%A2/</link>
      <pubDate>Sun, 25 Jun 2023 10:54:40 +0800</pubDate>
      
      <guid>https://huangruiying.github.io/%E7%B3%BB%E7%BB%9F%E6%9E%B6%E6%9E%84%E8%AE%BE%E8%AE%A1/%E6%94%AF%E4%BB%98%E7%B3%BB%E7%BB%9F/%E6%94%AF%E4%BB%98%E5%87%BA%E6%B5%B7%E6%8A%80%E6%9C%AF%E4%B8%8A%E5%BA%94%E8%AF%A5%E5%85%B3%E6%B3%A8%E5%93%AA%E5%87%A0%E4%B8%AA%E6%96%B9%E9%9D%A2/</guid>
      <description>关注点 产品DTC出海模式（直面消费者：产品，价格，宣传，渠道） 支付： 1。钱怎么收，如何兼容包并多国不同的支付习惯，针对各地区支付习惯，选择支付产品与收单机构 可以根据合作业务，先针对业务发生国家进行调研。 2。成本问题，如何才能做到费率低（本土C端支付，以及B端跨境结算成本高） 3。合规、欺诈问题， 收款合规：需要明确各个国家支付监管要求。在能收钱的前提下保证「能提钱」。 结算合规：明确合法的结算方式&amp;hellip; 数据合规：保证不泄漏用户数据，安全性方面要有考虑，在数据传输和落地要有四要素等加密。 欺诈问题：跨国线上交易，欺诈手段则更加多样 钓鱼、爬虫、数据窃取、账户盗用要有相关措施。 4。
收钱：可先采用微信、支付宝海外付</description>
    </item>
    
  </channel>
</rss>
