<?xml version="1.0" encoding="utf-8" standalone="yes"?>
<rss version="2.0" xmlns:atom="http://www.w3.org/2005/Atom">
  <channel>
    <title>系统设计 on 博客</title>
    <link>https://huangruiying.github.io/categories/%E7%B3%BB%E7%BB%9F%E8%AE%BE%E8%AE%A1/</link>
    <description>Recent content in 系统设计 on 博客</description>
    <generator>Hugo -- gohugo.io</generator>
    <language>zh</language>
    <lastBuildDate>Sun, 25 Jun 2023 10:54:40 +0800</lastBuildDate><atom:link href="https://huangruiying.github.io/categories/%E7%B3%BB%E7%BB%9F%E8%AE%BE%E8%AE%A1/index.xml" rel="self" type="application/rss+xml" />
    <item>
      <title>企业BI平台预研课题</title>
      <link>https://huangruiying.github.io/%E7%B3%BB%E7%BB%9F%E6%9E%B6%E6%9E%84%E8%AE%BE%E8%AE%A1/%E4%BC%81%E4%B8%9Abi%E5%B9%B3%E5%8F%B0%E9%A2%84%E7%A0%94%E8%AF%BE%E9%A2%98/</link>
      <pubDate>Sun, 25 Jun 2023 10:54:40 +0800</pubDate>
      
      <guid>https://huangruiying.github.io/%E7%B3%BB%E7%BB%9F%E6%9E%B6%E6%9E%84%E8%AE%BE%E8%AE%A1/%E4%BC%81%E4%B8%9Abi%E5%B9%B3%E5%8F%B0%E9%A2%84%E7%A0%94%E8%AF%BE%E9%A2%98/</guid>
      <description>目标：服务于部门内部财务、业财、B端、企业应用等体系的趋势分析&amp;amp;经营分析&amp;amp;财经管报等展示
一期功能 项目搭建 Echarts集成 数据展示 二期功能 图表容器 前端自定义创建(Grafana) </description>
    </item>
    
    <item>
      <title>支付系统概述</title>
      <link>https://huangruiying.github.io/%E7%B3%BB%E7%BB%9F%E6%9E%B6%E6%9E%84%E8%AE%BE%E8%AE%A1/%E6%94%AF%E4%BB%98%E7%B3%BB%E7%BB%9F/%E6%94%AF%E4%BB%98%E7%B3%BB%E7%BB%9F%E6%A6%82%E8%BF%B0/</link>
      <pubDate>Sun, 25 Jun 2023 10:54:40 +0800</pubDate>
      
      <guid>https://huangruiying.github.io/%E7%B3%BB%E7%BB%9F%E6%9E%B6%E6%9E%84%E8%AE%BE%E8%AE%A1/%E6%94%AF%E4%BB%98%E7%B3%BB%E7%BB%9F/%E6%94%AF%E4%BB%98%E7%B3%BB%E7%BB%9F%E6%A6%82%E8%BF%B0/</guid>
      <description> 国际清算委员会定义: 所有涉及到资金转移的行为,都可视作支付行为,清算和结算属于支付过程中的特定环节。
清算发生在结算前,清算是为了提高结算标准化水平和效率。
支付系统：完成付款人向收款人转移货币债权的过程，包括交易过程、清算过程和结算过程。
支付(交易动作)：付款人通过金融机构提供的能力，向收款人交换支付工具(买受人付款给出卖人)。
清分(数据整理)：将全部交易数据，进行按照各个成员之间的往来方向、金额、手续费等进行分类、整理。（清算的数据准备阶段）
清算(汇总入账)：根据清分的结果进行汇总、轧差产生清算报表，填制清算的会计分录(根据轧差的净额)，并据此登记账务。
结算(资金划拨)：根据清分以及清算的数据，实现资金划拨过程。
对账(参与角色对账)： 一般在支付活动中，同银行内账户资金往来直接结算便可，而涉及不同银行之间账户资金往来的，则需先清算再结算。
名词-头寸 头寸：其实就是款项的意思，指的是银行当前所有可以运用的资金的总和，主要包括在央行的超额准备金、存放同业清算款项净额、银行存款以及现金等部分。 作为专业术语的头寸，也称为“头衬”，是一种市场约定，承诺买卖合约的最初部位，买进合约者是多头，处于盼涨部位；卖出合约者为空头，处于盼跌部位。 收多付少，叫做“多头寸”；收少付多，叫做“缺头寸”； 结算收付差额，叫做“轧头寸”；借款弥补差额，叫做“拆头寸”；想方设法调进款项，叫做“调头寸”； 暂时未用款项大于需用量，叫做“头寸松”；资金需求量大于闲置量，叫做“头寸紧”。 10个“袁大头”摞起来的高度，恰好是一寸，“头寸”这个词便是由此而来的
##支付通道维度
维度 描述 示例 支付通道 提供支付服务的公司 微信、支付宝、京东、建行、易宝、汇付 支付产品 支付通道可用的产品 小程序支付、扫码、信用付、网银支付、app支付、银行卡、被扫 支付类型 1 微信、京东 案例1，用户想用扫码支付，可以使用。 案例2，用户习惯用京东支付，可以使用京东任意产品付款给商户。
场景todo 场景：小满在平安好车主渠道通过团油签约的油站，购买油品，并使用微信支付通道付款给好车主。 角色： 微信：收单机构(支付通道) 平安好车主：渠道 油站：售油商户 小满：个人用户 团油：平台 对账： 渠道对账：团油支付单与好车主支付单对账 商户对账：团油订单与油站订单对账 支付通道对账：团油支付单与微信账单对账 // https://www.zhihu.com/question/414081012 </description>
    </item>
    
    <item>
      <title>支付系统结构</title>
      <link>https://huangruiying.github.io/%E7%B3%BB%E7%BB%9F%E6%9E%B6%E6%9E%84%E8%AE%BE%E8%AE%A1/%E6%94%AF%E4%BB%98%E7%B3%BB%E7%BB%9F/%E6%94%AF%E4%BB%98%E5%87%BA%E6%B5%B7%E6%8A%80%E6%9C%AF%E4%B8%8A%E5%BA%94%E8%AF%A5%E5%85%B3%E6%B3%A8%E5%93%AA%E5%87%A0%E4%B8%AA%E6%96%B9%E9%9D%A2/</link>
      <pubDate>Sun, 25 Jun 2023 10:54:40 +0800</pubDate>
      
      <guid>https://huangruiying.github.io/%E7%B3%BB%E7%BB%9F%E6%9E%B6%E6%9E%84%E8%AE%BE%E8%AE%A1/%E6%94%AF%E4%BB%98%E7%B3%BB%E7%BB%9F/%E6%94%AF%E4%BB%98%E5%87%BA%E6%B5%B7%E6%8A%80%E6%9C%AF%E4%B8%8A%E5%BA%94%E8%AF%A5%E5%85%B3%E6%B3%A8%E5%93%AA%E5%87%A0%E4%B8%AA%E6%96%B9%E9%9D%A2/</guid>
      <description>关注点 产品DTC出海模式（直面消费者：产品，价格，宣传，渠道） 支付： 1。钱怎么收，如何兼容包并多国不同的支付习惯，针对各地区支付习惯，选择支付产品与收单机构 可以根据合作业务，先针对业务发生国家进行调研。 2。成本问题，如何才能做到费率低（本土C端支付，以及B端跨境结算成本高） 3。合规、欺诈问题， 收款合规：需要明确各个国家支付监管要求。在能收钱的前提下保证「能提钱」。 结算合规：明确合法的结算方式&amp;hellip; 数据合规：保证不泄漏用户数据，安全性方面要有考虑，在数据传输和落地要有四要素等加密。 欺诈问题：跨国线上交易，欺诈手段则更加多样 钓鱼、爬虫、数据窃取、账户盗用要有相关措施。 4。
收钱：可先采用微信、支付宝海外付</description>
    </item>
    
    <item>
      <title>支付系统结构</title>
      <link>https://huangruiying.github.io/%E7%B3%BB%E7%BB%9F%E6%9E%B6%E6%9E%84%E8%AE%BE%E8%AE%A1/%E6%94%AF%E4%BB%98%E7%B3%BB%E7%BB%9F/%E6%94%AF%E4%BB%98%E7%B3%BB%E7%BB%9F%E7%BB%93%E6%9E%84/</link>
      <pubDate>Sun, 25 Jun 2023 10:54:40 +0800</pubDate>
      
      <guid>https://huangruiying.github.io/%E7%B3%BB%E7%BB%9F%E6%9E%B6%E6%9E%84%E8%AE%BE%E8%AE%A1/%E6%94%AF%E4%BB%98%E7%B3%BB%E7%BB%9F/%E6%94%AF%E4%BB%98%E7%B3%BB%E7%BB%9F%E7%BB%93%E6%9E%84/</guid>
      <description>支付系统 清分系统 清算系统 结算系统 对账系统
graph LR &amp;#39;&amp;#39; A --&amp;gt; a --&amp;gt; C --&amp;gt; D 支付网关（内部网关，通道网关，渠道网关） 作用：支付系统流量出入口 签名验签 熔断限流 身份识别 API路由
引导路由 作用：根据支付应用、收款商户、订单额度等信息来决定提供给用户的支付方式列表。 - 收银台编排
支付交易路由 ？？？
支付交易核心系统 作用：支撑支付整体流程、状态流转。调用营销、通道等。类似支付前台。 支付单创建 状态推进 回告接收与回告业务系统
支付营销 作用：支付通道活动、业务渠道活动、自有满减活动支撑 - 支付券 - 积分奖励 - 通道活动 - 业务活动
支付通道（路由） 作用：根据用户选择的支付方式，结合费率、QOS等因素，选择最优支付通道 增量工作：新支付通道对接
支付通道管理 支付通道QPS 支付通道QOS 规则引擎配置 收款商户管理 日志管理 服务网关
支付中心 支付产品 支付营销 支付路由 账户服务 支付风控
通道路由</description>
    </item>
    
  </channel>
</rss>
