<?xml version="1.0" encoding="utf-8" standalone="yes"?>
<rss version="2.0" xmlns:atom="http://www.w3.org/2005/Atom">
  <channel>
    <title>images on 博客</title>
    <link>https://huangruiying.github.io/tags/images/</link>
    <description>Recent content in images on 博客</description>
    <generator>Hugo -- gohugo.io</generator>
    <language>zh</language>
    <lastBuildDate>Sun, 20 Feb 2022 12:04:16 -0500</lastBuildDate><atom:link href="https://huangruiying.github.io/tags/images/index.xml" rel="self" type="application/rss+xml" />
    <item>
      <title>Post with Images Example</title>
      <link>https://huangruiying.github.io/blog/coffee-ipsum/</link>
      <pubDate>Sun, 20 Feb 2022 12:04:16 -0500</pubDate>
      
      <guid>https://huangruiying.github.io/blog/coffee-ipsum/</guid>
      <description>Images can be added to posts using Markdown syntax:
![Sample image](workday.jpg) Which looks like this:
You can also use Hugo&amp;rsquo;s built-in figure shortcode. This lets you add a caption, and looks like this:
Black and white work day photo. Posts with images are great at capturing attention and showcasing your work. Why not try it today?</description>
    </item>
    
  </channel>
</rss>
