<?xml version="1.0" encoding="utf-8" standalone="yes"?>
<rss version="2.0" xmlns:atom="http://www.w3.org/2005/Atom">
  <channel>
    <title>words on 博客</title>
    <link>https://huangruiying.github.io/tags/words/</link>
    <description>Recent content in words on 博客</description>
    <generator>Hugo -- gohugo.io</generator>
    <language>zh</language><atom:link href="https://huangruiying.github.io/tags/words/index.xml" rel="self" type="application/rss+xml" />
    <item>
      <title>Undated post</title>
      <link>https://huangruiying.github.io/blog/no-date/</link>
      <pubDate>Mon, 01 Jan 0001 00:00:00 +0000</pubDate>
      
      <guid>https://huangruiying.github.io/blog/no-date/</guid>
      <description>I was born yesterday, tomorrow.</description>
    </item>
    
  </channel>
</rss>
